date,time,platform,type,files,caption,status,result
2026-09-21,12:00,threads,image,crab-legs.jpg,"홍게 사 먹을 때 제일 귀찮은 게 삶는 거죠.\n\n이건 삶아서 옵니다. 냉장으로 오니까 해동 기다릴 것도 없고, 찜기에 데우기만 하면 바로 상에 올라갑니다.\n\n국내산 박달홍게 4kg, 10미 내외.\n동해 후포리에서 올라온 것만 씁니다.\n다리 수율 90% 이상이라 까면 살이 그대로 빠져나옵니다.\n\n하나 미리 말씀드릴 게 있습니다.\n4kg은 삶기 전 무게예요. 삶고 나면 2.5kg 내외가 됩니다.\n게가 원래 그렇습니다. 사고 나서 아시는 것보다 낫겠다 싶어 적습니다.\n\n30,000원 무료배송.\nhttps://smartstore.naver.com/nice__food/products/13768146373",done,threads:18117356836970742
2026-09-21,18:00,instagram,carousel,hansang-intro-01.jpg;hansang-intro-02.jpg,"제철이 가득한 한상, 문 열었습니다 🦐\n\n수산물 · 축산물 · 농산물\n그 계절 가장 좋은 것만 골라 산지에서 바로 보냅니다.\n\n▪ 원산지, 중량, 마리수 적힌 그대로\n▪ 부풀리지 않고 사실만 적습니다\n▪ 산지 직거래로 거품을 뺐습니다\n\n지금은 제철 수산물부터 시작합니다.\n동해 후포리 박달홍게, 국내산 홍가리비.\n계절이 바뀌면 품목도 같이 바뀝니다.\n\n구매는 프로필 링크에서 · 스마트스토어\n\n#제철이가득한한상 #산지직송 #수산물 #축산물 #농산물\n#신선식품 #온라인장보기 #박달홍게 #제철수산물",done,instagram:17905681113333378
2026-09-22,12:00,threads,carousel,assets/crab-tray.jpg;assets/crab-plate.jpg;assets/crab-scale.jpg;assets/crab-pack.jpg,"삶아서 나온 홍게, 이렇게 옵니다.\n\n국내산 박달홍게 4kg · 10미 내외 · 냉장\n동해 후포리 위판장에서 올라온 것만 씁니다.\n\n▪ 자숙 완료 — 찜기에 5분 데우면 끝\n▪ 다리 수율 90% 이상, 까면 살이 통째로 빠집니다\n▪ 게딱지는 밥 비벼 드세요\n▪ 아이스팩 + 스티로폼, 냉장 그대로 도착\n\n무게 얘기 먼저 합니다.\n4kg은 삶기 전 기준이에요. 삶으면 2.5kg 내외가 됩니다.\n게가 원래 그렇습니다. 사고 나서 아시는 것보다 미리 적는 게 낫겠죠.\n실제 저울 사진 같이 올립니다.\n\n30,000원 무료배송.\nhttps://smartstore.naver.com/nice__food/products/13768146373",done,threads:18052278188800112
2026-09-24,12:00,threads,carousel,garibi-01.jpg;garibi-02.jpg;garibi-03.jpg;garibi-04.jpg,"가리비 살 도톰해지는 게 딱 지금부터다.\n가을 들어와서 이듬해 4월까지가 철.\n\n1kg에 20미 내외. 둘이 먹기 딱 맞는다.\n씻어서 찜기에 5분이면 끝난다.\n\n그날 조업한 생물만 담는다.\n6,100원 · 배송비 4,000원.\n\nhttps://smartstore.naver.com/nice__food/products/13768146049",error,threads:ERROR
2026-09-24,18:00,instagram,carousel,garibi-01.jpg;garibi-02.jpg;garibi-03.jpg,"가을 들어오면서 홍가리비 살이 도톰하게 차오릅니다. 지금부터 이듬해 4월까지가 제철입니다.\n\n· 국내산 생물 1kg · 20미 내외\n· 씻어서 찜기에 5분이면 완성\n· 그날 조업한 것만 빙장 포장\n\n6,100원 · 배송비 4,000원\n구매는 프로필 링크에서.\n\n#제철이가득한한상 #홍가리비 #가리비 #제철수산물 #산지직송 #가리비찜 #조개찜 #신선식품 #온라인장보기",done,instagram:18128815603801446
2026-09-26,14:00,threads,carousel,garibi-01.jpg;garibi-02.jpg;garibi-03.jpg;garibi-04.jpg,"가리비 살 도톰해지는 게 딱 지금부터다.\n가을 들어와서 이듬해 4월까지가 철.\n\n1kg에 20미 내외. 둘이 먹기 딱 맞는다.\n씻어서 찜기에 5분이면 끝난다.\n\n그날 조업한 생물만 담는다.\n6,100원 · 배송비 4,000원.\n\nhttps://smartstore.naver.com/nice__food/products/13768146049",done,threads:18123073657853953
2026-09-28,12:00,threads,carousel,suji-01.jpg;suji-02.jpg;suji-03.jpg;suji-04.jpg;suji-05.jpg,"불고기 사놓고 양념 따로 산 적 있지?\n\n이건 언양식 양념 100g이 같이 와.\n따로 준비할 게 없어.\n\n한우 1++ 스지불고기 300g, 둘이 먹을 양이야.\n천천히 녹여서 센 불에 3분이면 돼.\n\n10,900원 · 배송비 4,000원\n#한우불고기\n\nhttps://smartstore.naver.com/nice__food/products/13769188659",done,threads:17902281066666549
2026-09-28,18:00,instagram,carousel,suji-01.jpg;suji-02.jpg;suji-03.jpg,"불고기 시켜놓고 양념을 따로 사신 적 있으시죠.\n\n· 한우 1++ 스지불고기 300g\n· 언양식 양념 100g 동봉\n· 스지를 얇게 저며 쫄깃함이 같이 옵니다\n\n냉장에서 천천히 해동하고 센 불에 3분이면 완성입니다.\n\n10,900원 · 배송비 4,000원\n구매는 프로필 링크에서.\n\n#제철이가득한한상 #한우 #스지불고기 #언양식불고기 #한우불고기 #밀키트 #집밥 #정육 #산지직송",done,instagram:18562752478073421
2026-09-29,12:00,threads,carousel,jaban-01.jpg;jaban-02.jpg;jaban-03.jpg;jaban-04.jpg;jaban-05.jpg,"자반 샀는데 살이 퍼석했던 적 있지?\n그거 여름 고등어라 그래.\n\n우린 겨울에 기름 오른 원물만 써.\n여름 건 아예 안 받아.\n\n10미에 손질하고 3.1kg 넘어. 한 마리가 31cm대야.\n고등어 98%, 천일염 2%. 이게 다야.\n\n24,400원 · 배송비 4,000원\n#자반고등어\n\nhttps://smartstore.naver.com/nice__food/products/13764539078",done,threads:18087722147693146
2026-09-29,18:00,instagram,video,reel-jaban.mp4,"자반고등어 사서 살이 퍼석했던 적 있으시죠. 여름 고등어였을 가능성이 큽니다.\n\n· 겨울에 기름 오른 원물만 사용\n· 10미 · 손질 후 3.1~3.7kg · 1미 31~33cm\n· 고등어 98%, 천일염 2%. 그게 전부입니다\n\n해동 없이 껍질부터 구우시면 됩니다.\n\n24,400원 · 배송비 4,000원\n구매는 프로필 링크에서.\n\n#제철이가득한한상 #자반고등어 #고등어 #국산고등어 #부산고등어 #생선구이 #집밥 #밑반찬 #산지직송",done,instagram:18370879696213516
2026-09-30,12:00,threads,text,,활새우 택배로 받으면 냉장고 말고 얼음물에 먼저 넣어.\n상온에 두면 금방 물러져.\n\n바로 안 먹을 거면 머리 떼고 냉동.\n머리 붙은 채로 얼리면 살에 검은 물이 배거든.\n\n회로 먹을 거면 받은 날 안에.\n#활새우,done,threads:18115935532977219
2026-09-30,18:00,instagram,video,reel-deungsim.mp4,"꽃등심은 등심 중에서도 가장 좋은 자리입니다. 근육 안쪽까지 지방이 고루 퍼져 풍미가 진합니다.\n\n· 국내산 1등급 꽃등심 300g\n· 구이용 0.5~1cm 두께로 손질\n· 냉장 그대로, 얼리지 않습니다\n\n300g이면 두 분이 한 상 차리실 양입니다.\n\n구매는 프로필 링크에서.\n\n#제철이가득한한상 #꽃등심 #소고기 #국내산소고기 #소고기구이 #스테이크 #홈파티 #정육 #집밥",done,instagram:18109862471331930
2026-10-01,12:00,threads,carousel,shrimp1kg-01.jpg;shrimp1kg-02.jpg;shrimp1kg-03.jpg;shrimp1kg-04.jpg;shrimp1kg-05.jpg,"수조에서 살아있던 것만 담아🦐\n죽은 새우는 아예 포장 안 해.\n\n남해안 노지 사육장 활 흰다리새우 1kg, 35미 내외.\n껍질 벗겨서 씹으면 톡톡 터져.\n\n미리 말해둘게. 운송 중에 물을 뱉어서\n실중량은 800~850g 나와. 활새우가 원래 그래.\n\n#흰다리새우\n\nhttps://smartstore.naver.com/nice__food/products/13752043476",done,threads:18108095939603560
2026-10-01,18:00,instagram,video,reel-shrimp1kg.mp4,수조에서 살아있던 새우만 담습니다. 죽은 새우는 포장하지 않습니다.\n\n· 남해안 노지 사육장 활 흰다리새우 1kg · 35미 내외\n· 회로 드실 수 있는 등급\n· 실중량 800~850g (운송 중 자연감량 10~15%)\n\n감량은 활새우 특성이라 미리 적어둡니다.\n\n구매는 프로필 링크에서.\n\n#제철이가득한한상 #흰다리새우 #활새우 #새우회 #소금구이 #남해안 #수산물 #산지직송 #신선식품,done,instagram:18122953531911052
2026-10-02,12:00,threads,text,,"갑오징어 손질, 3단계면 끝나.\n\n1. 등쪽 갈라서 딱딱한 흰 뼈 빼기\n2. 내장이랑 먹물 주머니 떼기\n3. 껍질은 키친타월로 잡고 당기면 벗겨져\n\n칼 쓸 데가 거의 없어.\n겁먹고 손질 맡기면 신선도만 깎여.\n#갑오징어",done,threads:18157815568505306
2026-10-02,18:00,instagram,video,reel-special.mp4,특수부위 시켰는데 한 부위만 잔뜩 오셨던 적 있으시죠.\n\n· 토시살 · 제비추리 · 업진살 · 안창살 · 치마살 · 갈비살\n· 이 중 그날 상태 좋은 네 부위를 150g씩\n· 국내산 1등급 · 냉장\n\n부위는 지정하실 수 없습니다. 소 한 마리에서 여섯 부위를 다 합쳐도 15kg이 안 나오기 때문입니다.\n\n구매는 프로필 링크에서.\n\n#제철이가득한한상 #특수부위 #소고기모듬 #안창살 #토시살 #제비추리 #소고기구이 #홈파티 #정육,done,instagram:18124027252681543
2026-10-03,12:00,threads,carousel,kkotge-01.jpg;kkotge-02.jpg;kkotge-03.jpg;kkotge-04.jpg,"봄엔 암게, 가을엔 숫게야🦀\n알이 아니라 살이 차는 철이라 그래.\n\n오늘 새벽 서해에서 올라온 활 숫꽃게 1kg.\n위판장에서 받아 그날 바로 포장해.\n\n탕엔 작은 게가 더 나아. 마리 수가 많아서 국물이 진해져.\n무랑 대파만 넣어도 달라.\n\n#꽃게탕\n\nhttps://smartstore.naver.com/nice__food/products/13754454292",done,threads:18149879422480027
2026-10-03,18:00,instagram,video,reel-kkotge.mp4,"봄엔 암게, 가을엔 숫게입니다. 알이 아니라 살이 차오르는 철입니다.\n\n· 국내산 서해 활 숫꽃게 1kg\n· 오늘 새벽 위판장에서 받아 그날 포장\n· 비닐 빙장 포장, 1~2인 분량\n\n탕에는 작은 게가 더 좋습니다. 마리 수가 많아 국물이 진해집니다.\n\n구매는 프로필 링크에서.\n\n#제철이가득한한상 #숫꽃게 #활꽃게 #꽃게탕 #제철꽃게 #가을꽃게 #서해 #수산물 #산지직송",done,instagram:18130234804772320
2026-10-04,12:00,threads,text,,10월에 물 좋은 것들 적어둘게.\n\n갑오징어 — 살이 두꺼워지는 철\n숫꽃게 — 알 대신 살이 차\n홍가리비 — 이제 막 시작\n홍게 — 물이 차질수록 속이 참\n\n반대로 여름 고등어랑 철 지난 암꽃게는 이 계절에 피하는 게 맞아.\n#제철수산물\n\nhttps://smartstore.naver.com/nice__food,done,threads:18102023108139135
2026-10-04,18:00,instagram,video,reel-ribeye.mp4,"스테이크 시켰는데 뼈 무게가 절반이었던 적 있으시죠.\n\n· 뼈를 빼고 살코기로만 600g\n· 꽃등심과 갈비살이 한 덩이 — 한 장에 두 가지 식감\n· 2.5~3cm 컷팅 · 냉장 유통\n\n겉은 바싹, 속은 붉게. 집에서도 레어로 드실 수 있습니다.\n\n구매는 프로필 링크에서.\n\n#제철이가득한한상 #립아이 #스테이크 #소고기 #국내산소고기 #홈파티 #정육 #스테이크맛집 #집밥",done,instagram:17953777575273424
2026-10-05,12:00,threads,text,,"꽃게 암수, 배딱지만 보면 바로 알아.\n\n뾰족한 삼각형이면 숫게.\n둥근 반원이면 암게.\n\n봄엔 알 찬 암게, 가을엔 살 찬 숫게야.\n지금 암게 사면 알도 살도 없어.\n철 지난 걸 싸게 파는 데가 있으면 그래서 그래.\n#꽃게",done,threads:18066508127787928
2026-10-05,18:00,instagram,video,reel-gab.mp4,"갑오징어 사놓고 볶음만 해드셨다면 아까운 일입니다.\n\n· 횟감으로 쓸 수 있는 것만 수매\n· 새벽 군산·목포 위판장에서 직접 보고 고릅니다\n· 국내산 생물 1kg · 大 사이즈 · 2인 분량\n\n내장이 깨끗해 통찜이 됩니다. 회, 숙회, 통찜 다 되고 숙회를 특히 권합니다.\n\n구매는 프로필 링크에서.\n\n#제철이가득한한상 #갑오징어 #갑오징어회 #숙회 #통찜 #제철수산물 #수산물 #산지직송 #신선식품",done,instagram:18101908367330812
2026-10-06,12:00,threads,carousel,galchi-01.jpg;galchi-02.jpg;galchi-03.jpg;galchi-04.jpg;galchi-05.jpg,"이름은 꽃갈치인데 생선 아니야. 소고기야.\n\n꽃등심 갈비살 치마살, 세 부위 앞 글자를 땄어.\n150g씩 나눠 담아서 구이용 450g.\n\n여기에 국거리 스지 200g이 더 붙어.\n된장찌개에 넣으면 감칠맛이 확 올라와.\n\n한 번 시키면 구이랑 찌개가 같이 나와.\n#소고기세트\n\nhttps://smartstore.naver.com/nice__food/products/13769188496",done,threads:17938482771385133
2026-10-06,18:00,instagram,video,reel-galchi.mp4,"이름은 꽃갈치인데 생선이 아니라 소고기입니다.\n\n· 꽃등심 · 갈비살 · 치마살 — 세 부위 앞 글자를 땄습니다\n· 구이용 450g (150g씩) + 국거리 스지 200g\n· 국내산 1등급 · 냉장\n\n세 부위를 한 상에서 비교해 드실 수 있고, 스지는 찌개로 따로 쓰시면 됩니다.\n\n구매는 프로필 링크에서.\n\n#제철이가득한한상 #소고기세트 #꽃등심 #갈비살 #치마살 #소고기구이 #홈파티 #정육 #집밥",done,instagram:18075510941487641
2026-10-06,19:10,threads,reply,18117356836970742,윗글 가격은 올릴 당시 기준이야.\n지금 가격이랑 재고는 여기서 바로 볼 수 있어.\n\nhttps://mkt.shopping.naver.com/link/6abc6b1fd271a234a563fe5c,done,threads:18125829412895997
2026-10-06,19:12,threads,reply,18052278188800112,윗글 가격은 올릴 당시 기준이야.\n지금 가격이랑 재고는 여기서 바로 볼 수 있어.\n\nhttps://mkt.shopping.naver.com/link/6abc6b1fd271a234a563fe5c,done,threads:17998865721035900
2026-10-06,19:14,threads,reply,18123073657853953,윗글 가격은 올릴 당시 기준이야.\n지금 가격이랑 재고는 여기서 바로 볼 수 있어.\n\nhttps://mkt.shopping.naver.com/link/6abc6b1f6dfcc83ec11750b9,done,threads:18089846462234527
2026-10-06,19:16,threads,reply,17902281066666549,윗글 가격은 올릴 당시 기준이야.\n지금 가격이랑 재고는 여기서 바로 볼 수 있어.\n\nhttps://mkt.shopping.naver.com/link/6abc6b1fe8f0b735ed17e4f0,done,threads:18111180932237114
2026-10-06,19:18,threads,reply,18087722147693146,윗글 가격은 올릴 당시 기준이야.\n지금 가격이랑 재고는 여기서 바로 볼 수 있어.\n\nhttps://mkt.shopping.naver.com/link/6abc6b1f552694626f45a959,done,threads:18153164527527844
2026-10-06,19:20,threads,reply,18108095939603560,윗글 가격은 올릴 당시 기준이야.\n지금 가격이랑 재고는 여기서 바로 볼 수 있어.\n\nhttps://mkt.shopping.naver.com/link/6abc6b1f907c4216e6afbc79,done,threads:18040752086835590
2026-10-06,19:22,threads,reply,18149879422480027,윗글 가격은 올릴 당시 기준이야.\n지금 가격이랑 재고는 여기서 바로 볼 수 있어.\n\nhttps://mkt.shopping.naver.com/link/6abc6b1f3fe92e212e2428f3,done,threads:18118320947068931
2026-10-06,19:24,threads,reply,17938482771385133,윗글 가격은 올릴 당시 기준이야.\n지금 가격이랑 재고는 여기서 바로 볼 수 있어.\n\nhttps://mkt.shopping.naver.com/link/6abc6b1f6dfcc83ec11750b6,done,threads:18119581994293120
2026-10-07,12:00,threads,text,,"같은 고기인데 질기다 싶으면 썬 방향 때문일 때가 많아.\n\n결 따라 썰면 섬유질이 길게 남아서 질겨져.\n결을 가로질러 썰면 짧게 끊겨서 부드러워져.\n\n치마살, 안창살처럼 결이 굵은 부위일수록 차이가 커.\n#소고기",done,threads:18115136975590626
2026-10-07,18:00,instagram,video,reel-hongge.mp4,"홍게는 물이 찰수록 속이 찹니다. 수심이 깊고 차가울수록 수율이 올라갑니다.\n\n· 동해 가장 위쪽, 강원도 끝에서 올라온 것만\n· 몸통 85% · 다리 90% 이상 속이 찬 것만 선별\n· 자숙 완료 · 냉장 배송 — 데우기만 하면 됩니다\n\n4kg은 찌기 전 기준입니다. 자숙 후에는 2.5kg 내외가 됩니다. 미리 적어둡니다.\n\n구매는 프로필 링크에서.\n\n#제철이가득한한상 #박달홍게 #홍게 #홍게다리 #딱지밥 #동해 #제철수산물 #산지직송 #수산물",done,instagram:18168458062481594
2026-10-08,12:00,threads,carousel,chima-01.jpg;chima-02.jpg;chima-03.jpg;chima-04.jpg;chima-05.jpg,치마살은 소 400kg에서 2~3kg밖에 안 나와.\n정육점에서도 자주 안 보이는 이유야.\n\n결이 굵어서 씹는 맛이 제일 좋아.\n은근한 단맛이랑 쫄깃함이 같이 와.\n\n하나만 지키면 돼. 결 반대로 썰기.\n결 따라 썰면 질기게 느껴져.\n\n구이도 되고 육회도 돼.\n#치마살\n\nhttps://mkt.shopping.naver.com/link/6abc6b1f6dfcc83ec11750b7,done,threads:18197565775378071
2026-10-08,18:00,instagram,video,reel-chima.mp4,"치마살은 소 400kg에서 2~3kg밖에 나오지 않습니다. 정육점에서도 자주 보기 어려운 부위입니다.\n\n· 국내산 1등급 치마살 300g\n· 결이 굵어 씹는 맛이 가장 좋습니다\n· 냉장 그대로, 얼리지 않습니다\n\n드실 때 결 반대로 썰어주세요. 이것만 지키면 식감이 달라집니다.\n\n구매는 프로필 링크에서.\n\n#제철이가득한한상 #치마살 #특수부위 #소고기 #국내산소고기 #소고기구이 #육회 #정육 #홈파티",done,instagram:18142757947583016
2026-10-09,12:00,threads,text,,"쪄서 온 홍게는 다시 삶지 마.\n\n물에 넣고 끓이면 살이 물을 먹어서 퍼져.\n찜기에 김 올라오고 5분, 딱 데우기만 해.\n\n전자레인지는 다리 끝부터 말라.\n꼭 써야 하면 젖은 키친타월 덮고 1분씩 끊어서.\n#홍게",done,threads:18118479850769593
2026-10-09,18:00,instagram,video,reel-shrimp500.mp4,1kg은 조금 많다 싶으실 때 이걸 권합니다.\n\n· 활 흰다리새우 500g · 18미 내외 · 1~2인 분량\n· 수조에서 살아있던 것만\n· 실중량 400~450g (운송 중 자연감량 10~15%)\n\n활새우니까 회부터 드셔보세요. 소금구이는 강불 3분 뒤 중약불 5분입니다.\n\n구매는 프로필 링크에서.\n\n#제철이가득한한상 #흰다리새우 #활새우 #새우회 #새우소금구이 #남해안 #수산물 #산지직송 #신선식품,done,instagram:18122384146969787
2026-10-10,12:00,threads,carousel,galbisal-01.jpg;galbisal-02.jpg;galbisal-03.jpg;galbisal-04.jpg;galbisal-05.jpg,"갈비도 자리에 따라 본갈비, 꽃갈비, 참갈비로 나뉘어.\n고기층 두껍고 마블링 든 자리가 6·7·8번대야.\n\n우린 거기만 써. 다른 번대는 안 써.\n갈비뼈 근처라 운동량이 없어서 지방이 곱게 들거든.\n\n뼈 빼고 살코기로만 300g. 다 먹을 수 있는 무게야.\n지방 많으니까 센 불에 짧게 굽는 게 핵심.\n\n#꽃갈비살\n\nhttps://mkt.shopping.naver.com/link/6abc6b1fe8f0b735ed17e4f2",done,threads:18110895755148683
2026-10-10,18:00,instagram,video,reel-galbisal.mp4,"갈비는 자리에 따라 본갈비, 꽃갈비, 참갈비로 나뉩니다. 그중 고기층이 두껍고 마블링이 든 자리가 6·7·8번대입니다.\n\n· 6~8번대 꽃갈비살만 사용\n· 뼈는 빼고 살코기로만 300g\n· 국내산 1등급 · 냉장\n\n지방이 많아 오래 구우면 다 빠집니다. 센 불에 짧게, 겉만 빠르게 익혀주세요.\n\n구매는 프로필 링크에서.\n\n#제철이가득한한상 #꽃갈비살 #갈비살 #소고기 #국내산소고기 #소고기구이 #홈파티 #정육 #집밥",done,instagram:17919207669240724
2026-10-11,12:00,threads,text,,"받자마자 냉동할 것과 냉장에 둘 것.\n\n냉장 2~3일 안에 — 활새우, 활꽃게, 생물 갑오징어\n냉동 — 자반고등어, 구이용 소고기, 쪄서 온 게\n\n한 번 녹인 건 다시 얼리지 않는 게 맞아.\n녹일 때 나온 물에 세균이 붙거든.\n#식품보관\n\nhttps://smartstore.naver.com/nice__food",done,threads:18121245235933139
2026-10-11,18:00,instagram,video,reel-garibi2.mp4,홍가리비 한 봉지로 세 가지가 나옵니다.\n\n· 씻어서 찜기에 5분이면 찜\n· 껍데기째 버터를 올려 구우면 버터구이\n· 국물을 내면 라면도 파스타도\n\n국내산 생물 1kg · 20미 내외. 손질할 것이 없습니다.\n\n구매는 프로필 링크에서.,,
2026-10-12,12:00,threads,text,,가리비 한 봉지 사면 이렇게 돌려 먹어.\n\n찜 — 씻어서 찜기에 5분\n버터구이 — 껍데기째 올리고 버터 한 조각\n국물 — 라면이나 파스타에 통째로\n\n손질이 없어서 실패할 데가 없어.\n#홍가리비\n\nhttps://mkt.shopping.naver.com/link/6abc6b1f6dfcc83ec11750b9,,
2026-10-12,18:00,instagram,video,reel-salchi.mp4,살치살은 소 한 마리에서 5kg 정도밖에 나오지 않습니다. 윗등심살 앞쪽에 붙은 삼각형 근육입니다.\n\n· 소고기 부위 중 마블링이 가장 좋습니다\n· 국내산 1등급 300g · 냉장\n· 같은 1등급이라도 마블은 다릅니다. 원육을 직접 보고 고릅니다\n\n지방이 많아 살짝만 익히셔야 녹는 식감이 삽니다. 느끼하시면 와사비를 곁들여보세요.\n\n구매는 프로필 링크에서.\n\n#제철이가득한한상 #살치살 #눈꽃살치살 #소고기 #국내산소고기 #소고기구이 #홈파티 #정육 #마블링,,
2026-10-13,12:00,threads,carousel,buchaesal-01.jpg;buchaesal-02.jpg;buchaesal-03.jpg;buchaesal-04.jpg,"부채살은 앞다리 어깨뼈 위에 붙은 부위야.\n결이 낙엽처럼 퍼져 있어서 낙엽살이라고도 해.\n\n국내산 1등급 냉장 300g, 구이용 두께로 썰어서 보내.\n소 한 마리에서 5kg 안팎밖에 안 나와.\n\n가운데 힘줄이 있으니까 얇게 썰어 굽는 게 나아.\n\n#부채살\n\nhttps://mkt.shopping.naver.com/link/6abc6b1f552694626f45a958",,
2026-10-13,18:00,instagram,video,reel-buchaesal.mp4,부채살은 앞다리 어깨뼈 위에 붙은 부위입니다. 결이 낙엽처럼 퍼져 있어 낙엽살이라고도 부릅니다.\n\n· 국내산 1등급 냉장 300g\n· 구이용 두께로 썰어 보냅니다\n· 소 한 마리에서 5kg 안팎만 나옵니다\n\n가운데 힘줄이 있으니 얇게 썰어 구우시는 편이 낫습니다.\n\n구매는 프로필 링크에서.\n\n#제철이가득한한상 #부채살 #낙엽살 #국내산소고기 #소고기구이 #정육 #홈파티 #소고기 #산지직송,,
2026-10-14,12:00,threads,text,,냉장 소고기랑 냉동 소고기는 다루는 게 달라.\n\n냉장은 상온에 30분 뒀다가 바로 구워.\n냉동은 냉장칸에서 하룻밤. 12시간쯤 걸려.\n\n찬물이나 전자레인지로 급하게 녹이면\n녹은 물이 빠지면서 육즙도 같이 나가.\n#소고기해동,,
2026-10-14,18:00,instagram,video,reel-shrimp1kg.mp4,수조에서 살아있던 새우만 담습니다. 죽은 새우는 포장하지 않습니다.\n\n· 남해안 노지 사육장 활 흰다리새우 1kg · 35미 내외\n· 회로 드실 수 있는 등급\n· 실중량 800~850g (운송 중 자연감량 10~15%)\n\n감량은 활새우 특성이라 미리 적어둡니다.\n\n구매는 프로필 링크에서.\n\n#제철이가득한한상 #흰다리새우 #활새우 #새우회 #소금구이 #남해안 #수산물 #산지직송 #신선식품,,
2026-10-15,12:00,threads,carousel,buchae-01.jpg;buchae-02.jpg;buchae-03.jpg;buchae-04.jpg,"같은 부채살인데 이건 스테이크 두께로 썰었어.\n\n얇게 썰면 구이, 두껍게 썰면 스테이크.\n부위는 같고 써는 방식만 달라.\n\n국내산 1등급 냉장 300g.\n팬 달구고 한 면 2분, 꺼내서 3분 재우면 돼.\n\n#부채스테이크\n\nhttps://mkt.shopping.naver.com/link/6abc6b1fe8f0b735ed17e4f1",,
2026-10-15,18:00,instagram,video,reel-buchae.mp4,"같은 부채살을 스테이크 두께로 썬 제품입니다.\n\n· 국내산 1등급 냉장 300g\n· 구이용보다 두껍게 재단\n· 부위는 부채살과 같습니다\n\n팬을 달구고 한 면 2분, 꺼내서 3분 재운 뒤 써시면 됩니다.\n\n구매는 프로필 링크에서.\n\n#제철이가득한한상 #부채스테이크 #부채살 #스테이크 #국내산소고기 #홈파티 #정육 #소고기 #산지직송",,
2026-10-16,12:00,threads,text,,스테이크는 두께가 굽는 법을 정해.\n\n15mm — 센 불에 한 면 1분 30초. 겉만 빠르게.\n30mm — 한 면 2분씩 굽고 5분 재우기.\n그보다 두꺼우면 — 겉 지지고 약불에서 마저 익히기.\n\n얇은 걸 오래 구우면 속까지 익어버려.\n#스테이크,,
2026-10-16,18:00,instagram,video,reel-kkotge.mp4,"봄엔 암게, 가을엔 숫게입니다. 알이 아니라 살이 차오르는 철입니다.\n\n· 국내산 서해 활 숫꽃게 1kg\n· 오늘 새벽 위판장에서 받아 그날 포장\n· 비닐 빙장 포장, 1~2인 분량\n\n탕에는 작은 게가 더 좋습니다. 마리 수가 많아 국물이 진해집니다.\n\n구매는 프로필 링크에서.\n\n#제철이가득한한상 #숫꽃게 #활꽃게 #꽃게탕 #제철꽃게 #가을꽃게 #서해 #수산물 #산지직송",,
2026-10-17,12:00,threads,carousel,deungsimst-01.jpg;deungsimst-02.jpg;deungsimst-03.jpg;deungsimst-04.jpg,등심스테이크는 15mm로 썰어서 보내.\n\n두께가 얇으니까 겉만 빠르게 지지는 게 맞아.\n센 불에 한 면 1분 30초. 더 하면 속까지 익어버려.\n\n두껍게 먹고 싶으면 채끝스테이크가 30mm야.\n\n국내산 1등급 냉장 300g.\n#등심스테이크\n\nhttps://mkt.shopping.naver.com/link/6abc6b1f3fe92e212e2428f1,,
2026-10-17,18:00,instagram,video,reel-deungsimst.mp4,등심스테이크는 15mm 두께로 썰어 보냅니다.\n\n· 국내산 1등급 냉장 300g\n· 15mm — 얇게 썬 스테이크\n· 센 불에 한 면 1분 30초\n\n두께가 얇아 겉만 빠르게 지지는 것이 맞습니다. 더 두꺼운 것을 찾으시면 채끝스테이크가 30mm입니다.\n\n구매는 프로필 링크에서.\n\n#제철이가득한한상 #등심스테이크 #스테이크 #국내산소고기 #소고기구이 #홈파티 #정육 #소고기 #산지직송,,
2026-10-18,12:00,threads,text,,굴은 10월부터 살이 붙기 시작해.\n\n산란 끝나고 몸을 다시 채우는 철이라\n여름 굴이랑은 아예 다른 물건이야.\n\n고를 때는 유백색에 테두리가 까맣게 살아 있는 것.\n담긴 물이 뿌옇게 흐려진 건 시간이 지난 거야.\n#생굴\n\nhttps://smartstore.naver.com/nice__food,,
2026-10-18,18:00,instagram,video,reel-gab.mp4,"갑오징어 사놓고 볶음만 해드셨다면 아까운 일입니다.\n\n· 횟감으로 쓸 수 있는 것만 수매\n· 새벽 군산·목포 위판장에서 직접 보고 고릅니다\n· 국내산 생물 1kg · 大 사이즈 · 2인 분량\n\n내장이 깨끗해 통찜이 됩니다. 회, 숙회, 통찜 다 되고 숙회를 특히 권합니다.\n\n구매는 프로필 링크에서.\n\n#제철이가득한한상 #갑오징어 #갑오징어회 #숙회 #통찜 #제철수산물 #수산물 #산지직송 #신선식품",,
2026-10-19,12:00,threads,text,,냉동실에 넣었다고 무한정 가는 거 아니야.\n\n소고기 덩어리 — 6개월\n얇게 썬 것 — 3개월\n생선 — 3개월\n익혀서 얼린 것 — 1개월\n\n공기 닿는 면부터 마르니까 랩이나 진공으로 바짝 싸.\n#식품보관,,
2026-10-19,18:00,instagram,video,reel-hongge.mp4,"홍게는 물이 찰수록 속이 찹니다. 수심이 깊고 차가울수록 수율이 올라갑니다.\n\n· 동해 가장 위쪽, 강원도 끝에서 올라온 것만\n· 몸통 85% · 다리 90% 이상 속이 찬 것만 선별\n· 자숙 완료 · 냉장 배송 — 데우기만 하면 됩니다\n\n4kg은 찌기 전 기준입니다. 자숙 후에는 2.5kg 내외가 됩니다. 미리 적어둡니다.\n\n구매는 프로필 링크에서.\n\n#제철이가득한한상 #박달홍게 #홍게 #홍게다리 #딱지밥 #동해 #제철수산물 #산지직송 #수산물",,
2026-10-20,12:00,threads,carousel,chaekkeutst-01.jpg;chaekkeutst-02.jpg;chaekkeutst-03.jpg;chaekkeutst-04.jpg,채끝스테이크는 30mm로 썰어.\n등심스테이크(15mm)의 두 배 두께야.\n\n두꺼우면 겉을 세게 지져도 속이 붉게 남아.\n한 면 2분씩 굽고 5분 재우면 미디엄레어 나와.\n\n국내산 1등급 냉장 300g.\n#채끝스테이크\n\nhttps://mkt.shopping.naver.com/link/6abc6b1f0b9e0e1fb38b405c,,
2026-10-20,18:00,instagram,video,reel-chaekkeutst.mp4,채끝스테이크는 30mm 두께입니다. 등심스테이크(15mm)의 두 배입니다.\n\n· 국내산 1등급 냉장 300g\n· 30mm 두께 재단\n· 한 면 2분씩 굽고 5분 휴지\n\n두께가 있어야 겉을 세게 지져도 속이 붉게 남습니다.\n\n구매는 프로필 링크에서.\n\n#제철이가득한한상 #채끝스테이크 #스테이크 #국내산소고기 #미디엄레어 #홈파티 #정육 #소고기 #산지직송,,
2026-10-21,12:00,threads,text,,"소고기 등급은 마블링 기준이야.\n\n1++ · 1+ · 1 · 2 · 3 순서.\n숫자가 아니라 +가 붙을수록 지방이 곱게 퍼진 거야.\n\n등급 높다고 다 맞는 건 아니고\n구이면 1등급 이상, 국거리나 찜이면 낮아도 괜찮아.\n#소고기등급",,
2026-10-21,18:00,instagram,video,reel-shrimp500.mp4,1kg은 조금 많다 싶으실 때 이걸 권합니다.\n\n· 활 흰다리새우 500g · 18미 내외 · 1~2인 분량\n· 수조에서 살아있던 것만\n· 실중량 400~450g (운송 중 자연감량 10~15%)\n\n활새우니까 회부터 드셔보세요. 소금구이는 강불 3분 뒤 중약불 5분입니다.\n\n구매는 프로필 링크에서.\n\n#제철이가득한한상 #흰다리새우 #활새우 #새우회 #새우소금구이 #남해안 #수산물 #산지직송 #신선식품,,
2026-10-22,12:00,threads,carousel,chaekkeut-01.jpg;chaekkeut-02.jpg;chaekkeut-03.jpg;chaekkeut-04.jpg,"채끝은 등심 뒤쪽, 허리 위에 붙은 자리야.\n운동량이 적어서 결이 곱고 부드러워.\n\n한쪽에 지방이 띠처럼 붙어 있는데\n구울 때 녹으면서 고소해지는 부분이야. 떼지 마.\n\n국내산 1등급 냉장 300g.\n#채끝살\n\nhttps://mkt.shopping.naver.com/link/6abc6b1f0b9e0e1fb38b405b",,
2026-10-22,18:00,instagram,video,reel-chaekkeut.mp4,"채끝은 등심 뒤쪽, 허리 위에 붙은 자리입니다. 운동량이 적어 결이 곱습니다.\n\n· 국내산 1등급 냉장 300g\n· 구이용 두께로 썰어 보냅니다\n· 한쪽에 지방이 띠처럼 붙어 있습니다\n\n그 지방은 구울 때 녹으면서 고소해지는 부분이니 떼지 마시고 그대로 구우십시오.\n\n구매는 프로필 링크에서.\n\n#제철이가득한한상 #채끝살 #국내산소고기 #소고기구이 #등심 #홈파티 #정육 #소고기 #산지직송",,
2026-10-23,12:00,threads,text,,새우 까고 껍질 버리지 마.\n\n마른 팬에 껍질이랑 머리를 3분 볶으면\n빨간 기름이 나오는데 그게 육수 맛이야.\n\n물 붓고 10분 끓여서 라면이나 된장찌개에 써봐.\n새우 한 봉지로 두 번 먹는 셈이야.\n#새우육수,,
2026-10-23,18:00,instagram,video,reel-garibi2.mp4,홍가리비 한 봉지로 세 가지가 나옵니다.\n\n· 씻어서 찜기에 5분이면 찜\n· 껍데기째 버터를 올려 구우면 버터구이\n· 국물을 내면 라면도 파스타도\n\n국내산 생물 1kg · 20미 내외. 손질할 것이 없습니다.\n\n구매는 프로필 링크에서.,,
2026-10-24,12:00,threads,carousel,lagalbi-01.jpg;lagalbi-02.jpg;lagalbi-03.jpg;lagalbi-04.jpg,"LA꽃갈비 2kg, 아일랜드산이야.\n국내산 아니라는 건 먼저 적어둘게.\n\n트레이에 담겨 오니까 해동하면 바로 펼쳐져.\n진공포장보다 모양이 덜 눌려.\n\n냉동이라 냉장칸에서 하룻밤 천천히 녹이는 게 좋아.\n\n#LA꽃갈비\n\nhttps://smartstore.naver.com/nice__food/products/13753361953",,
2026-10-24,18:00,instagram,video,reel-lagalbi.mp4,아일랜드산 LA꽃갈비 2kg입니다. 국내산이 아니라는 점을 먼저 적습니다.\n\n· 아일랜드산 냉동 2kg\n· 트레이 포장 — 진공보다 모양이 덜 눌립니다\n· 구이용 · 찜용\n\n냉동이라 냉장칸에서 하룻밤 천천히 해동하시는 편이 좋습니다.\n\n구매는 프로필 링크에서.\n\n#제철이가득한한상 #LA꽃갈비 #소갈비 #아일랜드산 #홈파티 #바베큐 #정육 #소고기 #대용량,,
2026-10-25,12:00,threads,text,,생선은 껍질 쪽부터 굽는 거야.\n\n팬 충분히 달구고 기름 두른 다음\n껍질이 바닥에 닿게 올려서 건드리지 마.\n\n가장자리가 하얗게 올라오면 그때 뒤집어.\n일찍 뒤집으면 껍질이 팬에 다 붙어.\n#생선구이,,
2026-10-25,18:00,instagram,video,reel-jaban.mp4,"자반고등어 사서 살이 퍼석했던 적 있으시죠. 여름 고등어였을 가능성이 큽니다.\n\n· 겨울에 기름 오른 원물만 사용\n· 10미 · 손질 후 3.1~3.7kg · 1미 31~33cm\n· 고등어 98%, 천일염 2%. 그게 전부입니다\n\n해동 없이 껍질부터 구우시면 됩니다.\n\n구매는 프로필 링크에서.\n\n#제철이가득한한상 #자반고등어 #고등어 #국산고등어 #부산고등어 #생선구이 #집밥 #밑반찬 #산지직송",,
2026-10-26,12:00,threads,text,,"구이용 소고기, 어디서 나오는 자리인지 적어둘게.\n\n등심 — 갈비 위쪽 등. 꽃등심이 그중 제일 좋은 데\n채끝 — 등심 뒤, 허리 위\n부채살 — 앞다리 어깨뼈 위\n살치살 — 윗등심 앞쪽 삼각 근육\n치마살 — 배 아래쪽\n\n부위 이름이 곧 소 몸의 위치야.\n#소고기부위\n\nhttps://smartstore.naver.com/nice__food",,
2026-10-26,18:00,instagram,video,reel-special.mp4,특수부위 시켰는데 한 부위만 잔뜩 오셨던 적 있으시죠.\n\n· 토시살 · 제비추리 · 업진살 · 안창살 · 치마살 · 갈비살\n· 이 중 그날 상태 좋은 네 부위를 150g씩\n· 국내산 1등급 · 냉장\n\n부위는 지정하실 수 없습니다. 소 한 마리에서 여섯 부위를 다 합쳐도 15kg이 안 나오기 때문입니다.\n\n구매는 프로필 링크에서.\n\n#제철이가득한한상 #특수부위 #소고기모듬 #안창살 #토시살 #제비추리 #소고기구이 #홈파티 #정육,,
